MCEID;CENTREID;MCE_TYPE;USE_RAND36;USE_HONOS;USE_HONOSCA;MCE_STATUS;MCE_UPDATEDBY;MCE_UPDATED;HAS_END_REG;CONTROL_DATE;MCE_COMMENT;PATREG_COMPLETE;MCE_COMPLETE;THERREG_COMPLETE;PATIENT_ID;SSN;LASTNAME;FIRSTNAME;GENDER;AGE;PB_STATUS;PB_UPDATED;PB_UPDATEDBY;PB_COMMENT;EDEQ60_STATUS;EDEQ60_UPDATED;EDEQ60_UPDATEDBY;EDEQ60_COMMENT;SDQ_STATUS;SDQ_UPDATED;SDQ_UPDATEDBY;SDQ_COMMENT;SDQPARENT_STATUS;SDQPARENT_UPDATED;SDQPARENT_UPDATEDBY;SDQPARENT_COMMENT;HONOS_STATUS;HONOS_UPDATED;HONOS_UPDATEDBY;HONOS_COMMENT;HONOSCA_STATUS;HONOSCA_UPDATED;HONOSCA_UPDATEDBY;HONOSCA_COMMENT;CIA30_STATUS;CIA30_UPDATED;CIA30_UPDATEDBY;CIA30_COMMENT;RAND36_STATUS;RAND36_UPDATED;RAND36_UPDATEDBY;RAND36_COMMENT;SCL90_STATUS;SCL90_UPDATED;SCL90_UPDATEDBY;SCL90_COMMENT;DIAG_STATUS;DIAG_UPDATED;DIAG_UPDATEDBY;DIAG_COMMENT;BUPDIAG_STATUS;BUPDIAG_UPDATED;BUPDIAG_UPDATEDBY;BUPDIAG_COMMENT;MEDINF_STATUS;MEDINF_UPDATED;MEDINF_UPDATEDBY;MEDINF_COMMENT;PASOPP_STATUS;PASOPP_UPDATED;PASOPP_UPDATEDBY;PASOPP_COMMENT;PATEVAL_STATUS;PATEVAL_UPDATED;PATEVAL_UPDATEDBY;PATEVAL_COMMENT;KIDSCREEN_STATUS;KIDSCREEN_UPDATED;KIDSCREEN_UPDATEDBY;KIDSCREEN_COMMENT;INTERVENTION_STATUS;INTERVENTION_UPDATED;INTERVENTION_UPDATEDBY;INTERVENTION_COMMENT
8;TESTNO;1;TRUE;TRUE;TRUE;1;LC;'2016-04-25 13:49:15';0;'2016-04-21';;1;0;0;6;Jxv8QFswZtg=;pPl8T8NAaWjvneAIqG398g==;5Y7E+mElKpY=;1;30;1;'2016-04-26 10:25:45';CC;;1;'2016-04-26 10:33:26';CC;;;;;;;;;;1;'2016-04-26 10:37:08';CC;;;;;;1;'2016-04-26 10:34:15';CC;;1;'2016-04-26 10:30:59';CC;;1;'2016-04-26 10:28:23';CC;;0;'2016-04-26 10:35:07';CC;;;;;;1;'2016-07-01 15:34:55';LU;;;;;;;;;;;;;;;;;
12;TESTNO;1;TRUE;TRUE;TRUE;1;CC;'2016-04-27 11:25:19';0;'2016-04-22';;1;0;0;8;wTcd9ng7z0c=;8iClNhCEqKckgnpV9yfKmg==;VJ2u/nYZxao=;2;20;1;'2016-04-29 09:10:23';CC;;1;'2016-04-29 09:09:40';CC;;;;;;;;;;1;'2016-04-29 09:13:48';CC;;;;;;1;'2016-04-29 09:11:07';CC;;1;'2016-04-29 09:06:22';CC;;1;'2016-04-29 09:03:28';CC;;0;'2016-05-25 14:10:21';LC;;;;;;0;'2016-04-29 09:13:03';CC;;;;;;;;;;;;;;;;;
13;TESTNO;1;TRUE;TRUE;TRUE;1;LC;'2016-04-29 08:21:39';0;'2016-03-01';;1;0;0;9;aiZjxdZHc3k=;1JktwqIhr4xokvLNBy19xg==;JCG6AFQBvBwTbmDIy9M2dg==;1;43;1;'2016-04-29 08:22:16';LC;;1;'2016-04-29 08:23:42';LC;;;;;;;;;;1;'2016-04-29 08:25:16';LC;;;;;;1;'2016-04-29 08:23:55';LC;0;1;'2016-04-29 08:23:06';LC;;1;'2016-04-29 08:22:43';LC;1;0;'2016-04-29 08:24:25';LC;;;;;;0;'2016-04-29 08:24:53';LC;;;;;;;;;;;;;;;;;
14;TESTNO;3;TRUE;TRUE;TRUE;1;CC;'2016-04-29 09:29:26';1;'2016-01-12';;1;1;1;10;gCXECsyb448=;EB1jI9GFVe8=;XxDf42HHWrk=;2;21;1;'2016-04-29 09:34:31';CC;;1;'2016-04-29 09:44:02';CC;;;;;;;;;;1;'2016-04-29 09:47:06';CC;;;;;;1;'2016-04-29 09:45:23';CC;;1;'2016-04-29 09:40:10';CC;;1;'2016-04-29 09:38:04';CC;;;;;;;;;;1;'2016-05-25 15:33:33';LU;;;;;;;;;;;;;;;;;
15;TESTNO;5;TRUE;TRUE;TRUE;0;CC;'2016-04-29 09:48:05';0;'2016-04-27';;0;-1;-1;10;gCXECsyb448=;EB1jI9GFVe8=;XxDf42HHWrk=;2;22;;;;;1;'2016-04-29 10:03:56';CC;;;;;;;;;;-1;;;;;;;;1;'2016-04-29 09:56:15';CC;;1;'2016-04-29 09:53:04';CC;;1;'2016-04-29 09:50:44';CC;;0;'2016-04-29 10:02:09';CC;;;;;;0;'2016-04-29 10:06:09';CC;;1;'2016-04-29 09:59:23';CC;;1;'2016-05-25 15:33:05';LU;;;;;;1;'2016-07-11 09:44:41';LC;Skjemaet er eksempel i NSP-163. 
16;TESTNO2;3;TRUE;;;1;CC2;'2016-04-29 10:12:43';1;'2016-01-13';;1;1;1;11;j0M9mReRYps=;RlZ2OELi9GnzpWVcwH864g==;TWQ9tRyh4qVJLX+kIogVjwHYmTd20SYk;2;24;1;'2016-04-29 10:16:15';CC2;;1;'2016-04-29 10:24:47';CC2;;;;;;;;;;;;;;;;;;1;'2016-04-29 10:26:30';CC2;;1;'2016-04-29 10:22:23';CC2;;1;'2016-04-29 10:19:23';CC2;;;;;;;;;;1;'2016-06-02 13:07:32';LC2;;;;;;;;;;;;;;;;;
17;TESTNO2;5;TRUE;;;0;CC2;'2016-04-29 10:28:46';0;'2016-04-29';;0;-1;-1;11;j0M9mReRYps=;RlZ2OELi9GnzpWVcwH864g==;TWQ9tRyh4qVJLX+kIogVjwHYmTd20SYk;2;24;;;;;1;'2016-04-29 10:34:29';CC2;;;;;;;;;;;;;;;;;;1;'2016-04-29 10:35:01';CC2;;1;'2016-04-29 10:32:18';CC2;;1;'2016-04-29 10:30:19';CC2;;0;'2016-04-29 10:36:39';CC2;;;;;;0;'2016-04-29 10:37:13';CC2;;1;'2016-04-29 10:35:52';CC2;;1;'2016-06-02 13:07:02';LC2;;;;;;-1;;;
19;TESTNO2;1;TRUE;;;1;CC2;'2016-04-29 10:48:54';0;'2016-02-02';;1;1;1;12;5rqOzUSFfGk=;slMNOhnX2PysSPBi6AfQrw==;DtywMBytSR0=;2;30;1;'2016-04-29 10:51:14';CC2;;1;'2016-04-29 11:00:22';CC2;;;;;;;;;;;;;;;;;;1;'2016-04-29 11:01:01';CC2;;1;'2016-04-29 10:57:37';CC2;;1;'2016-04-29 10:55:19';CC2;;1;'2016-07-07 11:28:09';LU2;;;;;;1;'2016-07-07 11:28:19';LU2;;;;;;;;;;;;;;;;;
20;TESTNO2;3;TRUE;;;1;CC2;'2016-04-29 11:09:34';1;'2016-02-25';;1;0;0;13;lLILIZSpTxc=;D/flFFTncACf1cL5wo62AOIHKdizBqGX;zYszFPRcdHobloL+rkkZoA==;2;26;1;'2016-04-29 11:12:17';CC2;;1;'2016-04-29 11:21:58';CC2;;;;;;;;;;;;;;;;;;1;'2016-04-29 11:22:38';CC2;;1;'2016-04-29 11:18:15';CC2;;1;'2016-04-29 11:15:50';CC2;;;;;;;;;;0;'2016-04-29 11:24:27';CC2;;;;;;;;;;;;;;;;;
21;TESTNO2;5;TRUE;;;0;CC2;'2016-04-29 11:25:43';0;'2016-04-29';;-1;-1;-1;13;lLILIZSpTxc=;D/flFFTncACf1cL5wo62AOIHKdizBqGX;zYszFPRcdHobloL+rkkZoA==;2;26;;;;;-1;;;;;;;;;;;;;;;;;;;;0;'2016-06-24 10:43:57';LU2;;-1;;;;1;'2016-04-29 11:28:37';CC2;;0;;;;;;;;-1;;;;-1;;;;0;'2016-06-24 10:43:13';LU2;;;;;;-1;;;
24;TESTNO;3;TRUE;TRUE;TRUE;1;CC;'2016-04-29 16:03:47';0;'2016-03-02';;1;1;1;15;3QAFGcelQtQ=;dlEGNcKcK6s=;f4Wg+4dQkecc9s+Ju0uXLg==;2;23;1;'2016-07-07 12:11:46';LC;;1;'2016-07-07 12:14:07';LC;;;;;;;;;;1;'2016-07-07 12:16:28';LC;;;;;;1;'2016-06-02 12:47:23';LC;2;1;'2016-07-07 12:13:11';LC;;1;'2016-07-07 12:12:13';LC;;;;;;;;;;1;'2016-07-07 12:15:32';LC;;;;;;;;;;;;;;;;;
28;TESTNO;3;TRUE;TRUE;TRUE;1;CC;'2016-05-02 10:29:24';1;'2016-04-29';;-1;-1;-1;16;4kTA1w8d9mk=;a2KpdAKr+zI=;7s0uRZCIhzA=;2;21;-1;;;;-1;;;;;;;;;;;;-1;;;;;;;;1;'2016-07-11 11:33:02';LC;Gjerne ikke rør denne utfyllingen. Testdata til NSP-80. ;-1;;;;-1;;;;;;;;;;;;-1;;;;;;;;;;;;;;;;;;;
29;TESTNO;5;TRUE;TRUE;TRUE;0;CC;'2016-05-02 12:11:37';0;'2016-05-01';;-1;-1;0;16;4kTA1w8d9mk=;a2KpdAKr+zI=;7s0uRZCIhzA=;2;21;;;;;0;'2016-06-20 13:52:41';LU;;;;;;;;;;1;'2016-07-04 14:54:23';LU;;;;;;1;'2016-07-11 14:14:58';LC;Gjerne ikke rør denne utfyllingen. Testdata til NSP-80. ;-1;;;;-1;;;;0;'2016-05-02 13:23:53';openqreg;;;;;;0;'2016-05-03 12:38:31';SC;;0;'2016-05-12 09:31:30';CC;;0;'2016-05-03 12:38:16';SC;;;;;;0;'2016-07-01 10:54:56';LC;
42;TESTNO;1;TRUE;TRUE;TRUE;1;CC;'2016-05-04 15:43:18';0;'2016-03-31';;-1;-1;-1;24;q/CqvNXqb0U=;i2pTObbraN0q9x/dMXwCHATC2BY7lsoy;jHO5u0lg2Wc61OYu/1NiXA==;2;29;0;'2016-07-11 08:28:26';LC;;-1;;;;;;;;;;;;-1;;;;;;;;-1;;;;-1;;;;1;'2016-07-12 12:42:11';LC;Testcase i NSP-54. ;0;'2016-06-27 10:41:25';LC;;;;;;-1;;;;;;;;;;;;;;;;;;;
43;TESTNO;3;TRUE;TRUE;TRUE;1;CC;'2016-05-04 15:50:26';0;'2016-05-02';;-1;-1;-1;25;qxtnUoz6MZs=;GoSNJblq5pwxsLli+FBKxA==;NAx44wdxuyo=;1;42;0;'2016-05-04 15:50:33';CC;;-1;;;;;;;;;;;;1;'2016-06-28 09:41:31';LC;;;;;;0;'2016-06-21 14:58:35';LC;;-1;;;;1;'2016-07-12 12:35:11';RC;Testcase i sak NSP-54. ;;;;;;;;;-1;;;;;;;;;;;;;;;;;;;
45;TESTNO2;1;TRUE;;;1;LU2;'2016-05-10 09:33:56';0;'2016-03-01';;0;0;0;26;yg3Dt2A4BxPK+G3YoK+Uhg==;9pMM2U1uwfk=;+/t5nQTYSQU=;2;36;0;'2016-05-10 09:34:24';LU2;;0;'2016-05-10 09:35:33';LU2;;;;;;;;;;;;;;;;;;0;'2016-05-10 09:35:45';LU2;;0;'2016-05-10 09:35:09';LU2;;0;'2016-05-10 09:34:43';LU2;;0;'2016-05-10 09:36:39';LU2;;;;;;0;'2016-05-10 09:36:52';LU2;;;;;;;;;;;;;;;;;
48;TESTNO;3;TRUE;TRUE;TRUE;1;LC;'2016-05-11 13:56:00';0;'2016-05-03';;1;1;1;27;YcM0/LDAids=;fm7NmYpNmVc=;W4puROCzQlWXR4UTI61/IQ==;2;34;1;'2016-05-11 13:57:23';LC;;1;'2016-05-11 13:59:32';LC;;;;;;;;;;1;'2016-05-11 14:00:41';LC;;;;;;1;'2016-05-11 13:59:42';LC;2;1;'2016-05-11 13:58:44';LC;;1;'2016-05-11 13:58:05';LC;;;;;;;;;;1;'2016-05-11 14:00:08';LC;;;;;;;;;;;;;;;;;
54;TESTNO;3;TRUE;TRUE;TRUE;1;LC;'2016-05-25 10:55:53';1;'2016-05-03';;-1;-1;-1;30;MunZAR1fssA=;4kiY7HZ+GFM=;YG7LSWaIBbs=;1;40;-1;;;;-1;;;;;;;;;;;;0;'2016-06-24 11:31:34';LC;;;;;;-1;;;;-1;;;;-1;;;;;;;;;;;;-1;;;;;;;;;;;;;;;;;;;
55;TESTNO;5;TRUE;TRUE;TRUE;1;LC;'2016-05-25 10:57:37';0;'2016-05-25';;1;0;0;30;MunZAR1fssA=;4kiY7HZ+GFM=;YG7LSWaIBbs=;1;40;;;;;1;'2016-05-25 15:47:28';LU;;;;;;;;;;1;'2016-05-25 15:44:51';LU;;;;;;1;'2016-05-25 15:47:41';LU;1;1;'2016-05-25 15:46:54';LU;2;1;'2016-05-25 15:46:20';LU;;1;'2016-05-25 15:43:51';LU;;;;;;1;'2016-05-25 15:44:21';LU;;1;'2016-06-28 15:56:45';CC3;;1;'2016-05-25 15:51:22';LU;;;;;;0;'2016-06-14 10:20:38';CC;
56;TESTNO;3;TRUE;TRUE;TRUE;1;LC;'2016-05-25 10:59:17';0;'2016-05-04';;-1;-1;-1;31;H/HjEJ9pK4A=;t6+34ty8b0w=;EF5UlFcdJ7JM+qqV0SS0Lg==;2;35;-1;;;;-1;;;;;;;;;;;;-1;;;;;;;;-1;;;;-1;;;;1;'2016-06-09 14:08:02';LC;;;;;;;;;;-1;;;;;;;;;;;;;;;;;;;
59;TESTNO;1;TRUE;TRUE;TRUE;1;LU;'2016-06-01 13:26:40';0;'2016-06-01';;1;1;1;33;uDzYHy/74+E=;G99Et4abBSg=;uqG7luVAlM35MDUfTF5J8w==;2;15;1;'2016-06-01 13:32:12';LU;test-kommentar;1;'2016-06-01 14:00:16';LU;;;;;;;;;;1;'2016-06-01 14:13:40';LU;Øvrig internkommentar test;;;;;1;'2016-06-01 14:14:20';LU;;1;'2016-06-01 14:14:10';LU;;1;'2016-06-01 13:39:00';LU;test øvrig kommentar;1;'2016-06-01 14:14:27';LU;;;;;;1;'2016-06-01 14:15:46';LU;;;;;;;;;;;;;;;;;
66;TESTNO2;3;TRUE;;;1;LC2;'2016-06-09 10:56:14';1;'2016-06-01';;1;1;1;40;YseaKkIH+Uk=;TKa657GQ4kHIXwu3Y/IDQA==;g03jUTKr1bE=;2;88;1;'2016-07-06 16:04:39';LC2;;1;'2016-07-06 16:06:36';LC2;;;;;;;;;;;;;;;;;;1;'2016-07-06 16:06:55';LC2;;1;'2016-07-06 16:05:55';LC2;;1;'2016-07-06 16:05:11';LC2;;;;;;;;;;1;'2016-07-06 16:07:25';LC2;;;;;;;;;;;;;;;;;
68;TESTNO2;5;TRUE;;;1;LC2;'2016-07-06 16:22:05';0;'2016-07-06';;1;0;0;40;YseaKkIH+Uk=;TKa657GQ4kHIXwu3Y/IDQA==;g03jUTKr1bE=;2;88;;;;;1;'2016-07-06 16:24:08';LC2;;;;;;;;;;;;;;;;;;1;'2016-07-06 16:24:23';LC2;;1;'2016-07-06 16:23:36';LC2;;1;'2016-07-07 11:16:36';CC;;1;'2016-07-06 16:25:20';LC2;;;;;;1;'2016-07-06 16:25:46';LC2;;1;'2016-07-06 16:24:40';LC2;;1;'2016-07-06 16:24:56';LC2;;;;;;0;'2016-07-06 16:26:46';LC2;
74;TESTNO;3;TRUE;TRUE;TRUE;1;LU;'2016-06-14 14:39:23';0;'2016-06-01';;1;1;1;46;yX3aLlgCH4A=;HRWnEQfLjmySSrFpIyjynQ==;/99Ul3UUBs9ls/2PY3aSDeP+p3JAc/S1;2;39;1;'2016-07-06 08:25:58';CC;;1;'2016-06-14 15:06:41';LU;0;;;;;;;;;1;'2016-06-14 15:04:48';LU;;;;;;1;'2016-06-14 15:06:46';LU;;1;'2016-06-14 15:06:33';LU;;1;'2016-07-06 08:25:47';CC;;;;;;;;;;1;'2016-06-14 15:07:41';LU;;;;;;;;;;;;;;;;;
79;TESTNO;1;TRUE;TRUE;TRUE;1;LU;'2016-06-15 14:13:25';0;'2016-06-01';;-1;-1;-1;49;/Umb3ezF7hM=;;;;;-1;;;;-1;;;;;;;;;;;;-1;;;;;;;;-1;;;;-1;;;;-1;;;;-1;;;;;;;;-1;;;;;;;;;;;;;;;;;;;
83;TESTNO;1;TRUE;TRUE;TRUE;1;LU;'2016-06-16 08:32:33';0;'2016-06-16';;0;-1;-1;53;paMltAANGC4=;CTYZurEIaEYtRqR0ip6ONA==;DRsTpZFcGm6uVaqM6H+1kQ==;2;16;0;'2016-06-16 08:36:25';LU;;0;'2016-06-16 08:36:38';LU;;;;;;;;;;-1;;;;;;;;0;'2016-06-16 08:40:17';LU;;0;'2016-06-16 08:36:35';LU;;0;'2016-06-16 08:36:31';LU;;0;'2016-06-16 08:36:46';LU;;;;;;0;'2016-06-16 08:39:04';LU;;;;;;;;;;;;;;;;;
95;TESTNO;1;TRUE;TRUE;TRUE;1;LU;'2016-06-28 10:26:27';0;'2016-06-28';;0;0;0;38;J+yh1xg04Z4=;fnyBD5v1pS8=;25QJPulPq/e99ZaCU5nV+A==;1;9;0;'2016-06-28 10:26:46';LU;;0;'2016-06-28 10:27:46';LU;;;;;;;;;;0;'2016-06-28 10:28:58';LU;;;;;;0;'2016-06-28 10:27:49';LU;;0;'2016-06-28 10:27:40';LU;;0;'2016-06-28 10:27:33';LU;;0;'2016-06-28 10:27:53';LU;;;;;;0;'2016-06-28 10:28:07';LU;;;;;;;;;;;;;;;;;
104;TESTNO;1;TRUE;TRUE;TRUE;1;LU;'2016-06-29 10:01:44';0;'2016-06-29';;-1;-1;-1;72;Mm2nxMM3Cow=;;;;;-1;;;;-1;;;;;;;;;;;;-1;;;;;;;;0;'2016-06-29 10:01:53';LU;;-1;;;;-1;;;;-1;;;;;;;;-1;;;;;;;;;;;;;;;;;;;
107;TESTNO;3;TRUE;TRUE;TRUE;1;LU;'2016-06-29 10:05:00';0;'2016-06-01';;-1;-1;-1;74;huOV1Qf+CCg=;;;;;-1;;;;-1;;;;;;;;;;;;-1;;;;;;;;-1;;;;-1;;;;-1;;;;;;;;;;;;-1;;;;;;;;;;;;;;;;;;;
108;TESTNO;3;TRUE;TRUE;TRUE;1;LU;'2016-06-29 10:09:41';0;'2016-06-01';;-1;-1;-1;75;9fFw9EMy+oU=;;;;;0;'2016-06-29 10:09:57';LU;;-1;;;;;;;;;;;;-1;;;;;;;;-1;;;;-1;;;;-1;;;;;;;;;;;;-1;;;;;;;;;;;;;;;;;;;
109;TESTNO;3;TRUE;TRUE;TRUE;1;LU;'2016-06-29 10:10:49';1;'2016-06-01';;-1;-1;-1;76;F5CN158xojU=;lkaa+WJCy8k=;bFnRAKdzXVE=;1;37;0;'2016-06-29 10:11:09';LU;;-1;;;;;;;;;;;;-1;;;;;;;;-1;;;;-1;;;;-1;;;;;;;;;;;;-1;;;;;;;;;;;;;;;;;;;
110;TESTNO;3;TRUE;TRUE;TRUE;1;LU;'2016-06-29 10:12:18';0;'2016-06-01';;-1;-1;-1;77;Bchv9YbJdB8=;fm7NmYpNmVc=;Gr7ArTF/dSE=;2;38;-1;;;;-1;;;;;;;;;;;;-1;;;;;;;;-1;;;;-1;;;;-1;;;;;;;;;;;;-1;;;;;;;;;;;;;;;;;;;
111;TESTNO;5;TRUE;TRUE;TRUE;1;LU;'2016-06-29 10:13:58';0;'2016-06-29';;-1;-1;-1;76;F5CN158xojU=;lkaa+WJCy8k=;bFnRAKdzXVE=;1;37;;;;;-1;;;;;;;;;;;;-1;;;;;;;;-1;;;;-1;;;;-1;;;;-1;;;;;;;;-1;;;;-1;;;;0;'2016-06-29 10:15:11';LU;;;;;;0;'2016-07-14 15:47:15';LC;
115;TESTNO;3;TRUE;TRUE;TRUE;1;LC;'2016-07-01 08:31:17';0;'2016-07-01';;-1;-1;-1;80;7wclBdJExpY=;mSdRpXtfBZNO9n3Ag0aATg==;2bzaQMcCJdfRN8pcaKJ2Qw==;1;68;0;'2016-07-01 08:52:04';LC;;-1;;;;;;;;;;;;-1;;;;;;;;-1;;;;-1;;;;-1;;;;;;;;;;;;-1;;;;;;;;;;;;;;;;;;;
117;TESTNO;3;TRUE;TRUE;TRUE;1;LC;'2016-07-01 10:18:42';0;'2016-07-01';;-1;-1;-1;81;FHq7jQU7lWA=;dEkyTQzXTh0=;uxe3C/F8+2M=;1;94;-1;;;;-1;;;;;;;;;;;;-1;;;;;;;;-1;;;;-1;;;;-1;;;;;;;;;;;;-1;;;;;;;;;;;;;;;;;;;
118;TESTNO;3;TRUE;TRUE;TRUE;1;LC;'2016-07-01 10:26:31';0;'2016-07-01';;0;0;0;82;/skypdO4B48=;9bO+iGYfK7FgdgXzIdcY3A==;fWhK1AyAzTQ=;2;37;0;'2016-07-01 10:27:17';LC;;0;'2016-07-01 10:27:36';LC;;;;;;;;;;0;'2016-07-01 10:30:14';LC;;;;;;0;'2016-07-01 10:27:39';LC;;0;'2016-07-01 10:27:29';LC;;0;'2016-07-01 10:27:25';LC;;;;;;;;;;0;'2016-07-01 10:29:57';LC;;;;;;;;;;;;;;;;;
119;TESTNO;3;TRUE;TRUE;TRUE;1;LC;'2016-07-01 12:38:55';0;'2016-07-01';;0;0;0;83;BstueomGPA0=;Eu4ESy1fPGU=;W4puROCzQlWXR4UTI61/IQ==;2;59;0;'2016-07-01 12:40:34';LC;;0;'2016-07-01 12:41:45';LC;;;;;;;;;;0;'2016-07-01 12:43:15';LC;;;;;;0;'2016-07-01 12:42:03';LC;;0;'2016-07-01 12:41:23';LC;;0;'2016-07-01 12:41:06';LC;;;;;;;;;;0;'2016-07-01 12:42:37';LC;;;;;;;;;;;;;;;;;
120;TESTNO;3;TRUE;TRUE;TRUE;1;LC;'2016-07-04 09:18:29';0;'2016-07-04';;-1;-1;-1;84;IGh8vAHu5c4=;tlHR8/kh+kU=;pmmlYKx/8HK7CZ+G1c675g==;2;76;0;'2016-07-04 09:18:39';LC;;-1;;;;;;;;;;;;-1;;;;;;;;-1;;;;-1;;;;-1;;;;;;;;;;;;-1;;;;;;;;;;;;;;;;;;;
122;TESTNO;1;TRUE;TRUE;TRUE;1;LC;'2016-07-04 09:27:45';0;'2016-07-04';;0;-1;-1;8;wTcd9ng7z0c=;8iClNhCEqKckgnpV9yfKmg==;VJ2u/nYZxao=;2;20;0;'2016-07-08 09:27:13';LC;;0;'2016-07-08 09:27:33';LC;;;;;;;;;;-1;;;;;;;;0;'2016-07-08 09:27:36';LC;;0;'2016-07-08 09:27:30';LC;;0;'2016-07-08 09:27:26';LC;;-1;;;;;;;;-1;;;;;;;;;;;;;;;;;;;
125;TESTNO;1;TRUE;TRUE;TRUE;1;LU;'2016-07-04 15:21:31';0;'2016-07-01';;-1;-1;-1;88;s3NHA4VMRAY=;;;;;-1;;;;-1;;;;;;;;;;;;-1;;;;;;;;-1;;;;-1;;;;-1;;;;-1;;;;;;;;-1;;;;;;;;;;;;;;;;;;;
127;TESTNO;3;TRUE;TRUE;TRUE;1;LU;'2016-07-04 15:25:35';0;'2016-07-04';;-1;-1;-1;89;G9niKU3yWl4=;wH7+xcrKFyg=;ZevBVDa8kMXkecp60VJ4GA==;2;92;-1;;;;-1;;;;;;;;;;;;-1;;;;;;;;-1;;;;-1;;;;-1;;;;;;;;;;;;-1;;;;;;;;;;;;;;;;;;;
130;TESTNO;3;TRUE;TRUE;TRUE;1;LU;'2016-07-04 15:29:32';0;'2016-07-04';;-1;-1;-1;90;b64C1YrRrr8=;RTQkJxYvTtAVPCwAoIgpkg==;a3Ul3CZf9ik=;1;38;-1;;;;-1;;;;;;;;;;;;-1;;;;;;;;-1;;;;-1;;;;-1;;;;;;;;;;;;-1;;;;;;;;;;;;;;;;;;;
132;TESTNO;3;TRUE;TRUE;TRUE;1;LU;'2016-07-04 15:34:46';0;'2016-06-15';;-1;-1;-1;91;FGOvaFcpgXU=;;;;;-1;;;;-1;;;;;;;;;;;;-1;;;;;;;;-1;;;;-1;;;;-1;;;;;;;;;;;;-1;;;;;;;;;;;;;;;;;;;
138;TESTNO2;3;TRUE;;;1;LU2;'2016-07-07 11:39:14';0;'2016-05-05';;-1;-1;-1;95;uCOxgEPjn7k=;d5DNE0dRTFccaq+IUNs3WQ==;m9JX4zb1cto=;2;17;1;'2016-07-07 11:41:07';LU2;;-1;;;;;;;;;;;;;;;;;;;;-1;;;;-1;;;;1;'2016-07-07 11:41:34';LU2;;;;;;;;;;-1;;;;;;;;;;;;;;;;;;;
159;TESTNO;3;TRUE;TRUE;TRUE;1;LU;'2016-07-12 12:56:11';0;'2016-07-12';;-1;-1;-1;113;fu0E10b2smM=;4ZdVvXI5N/M8RSkAQtE91Q==;RXC8gFl5giA=;1;33;-1;;;;-1;;;;;;;;;;;;-1;;;;;;;;0;'2016-07-12 12:56:21';LU;;-1;;;;-1;;;;;;;;;;;;-1;;;;;;;;;;;;;;;;;;;
166;TESTNO2;3;TRUE;;;1;LU2;'2016-07-12 13:05:21';0;'2016-07-06';;-1;-1;0;120;yKoW7kPsY4c=;ku4ERGu70B4=;V5ShDYJKzCEdnFO0KNB8wQ==;1;71;-1;;;;-1;;;;;;;;;;;;;;;;;;;;0;'2016-07-12 13:05:26';LU2;;-1;;;;-1;;;;;;;;;;;;0;'2016-07-12 13:05:47';LU2;;;;;;;;;;;;;;;;;
176;TESTNO2;3;TRUE;;;1;LU2;'2016-08-11 15:31:13';0;'2016-08-11';;-1;-1;-1;124;oQr3QV4TqNA=;gTtY1jrWJ5M=;d7+tvZ9oaUo=;1;41;-1;;;;-1;;;;;;;;;;;;;;;;;;;;-1;;;;-1;;;;-1;;;;;;;;;;;;-1;;;;;;;;;;;;;;;;;;;
5;TESTNO;4;TRUE;TRUE;TRUE;1;CC;'2016-04-25 10:52:20';1;'2016-04-20';;0;0;0;4;3TV7FcDYt30=;VSwv+plDueI=;3FoYGUiTkl8=;2;17;1;'2016-04-26 10:50:44';CC;;1;'2016-04-26 10:55:25';CC;;1;'2016-04-26 10:52:24';CC;;;;;;;;;;1;'2016-04-26 10:57:29';CC;;1;'2016-04-26 10:56:06';CC;;;;;;;;;;;;;;;;;;0;'2016-04-26 10:56:40';CC;;;;;;;;;;0;'2016-05-11 15:48:35';LC;11;;;;
6;TESTNO;6;TRUE;TRUE;TRUE;0;CC;'2016-04-26 10:58:16';0;'2016-04-26';;-1;-1;0;4;3TV7FcDYt30=;VSwv+plDueI=;3FoYGUiTkl8=;2;17;;;;;1;'2016-04-26 11:07:46';CC;;1;'2016-04-26 10:59:52';CC;;;;;;;;;;1;'2016-04-29 10:07:19';CC;;1;'2016-04-26 11:08:25';CC;;;;;;;;;;;;;;0;;;;0;'2016-04-26 11:09:46';CC;;1;'2016-04-26 11:09:15';CC;;-1;;;;0;'2016-05-25 10:25:28';LC;2;0;'2016-07-11 08:43:50';LU;
7;TESTNO;4;TRUE;TRUE;TRUE;1;LC;'2016-04-25 13:48:28';0;'2016-04-20';;-1;-1;0;5;ITPDEX33umM=;pkAmRMv5kGE=;3Nb1loECABc=;1;16;1;'2016-04-26 10:40:54';CC;;1;'2016-06-03 14:10:34';LC;;1;'2016-04-26 10:43:02';CC;;;;;;;;;;1;'2016-04-26 10:47:33';CC;;1;'2016-04-26 10:45:52';CC;;;;;;;;;;;;;;;;;;0;'2016-04-26 10:46:22';CC;;;;;;;;;;-1;;;;;;;
10;TESTNO;4;TRUE;TRUE;TRUE;1;CC;'2016-04-26 11:12:00';1;'2016-04-19';;1;1;1;7;WpC5h25gLtY=;qLkcgDpfzBQV26yeUuNeyQ==;/Z/KAAI4aUo=;2;14;1;'2016-05-25 15:28:37';LU;;1;'2016-04-26 11:18:23';CC;;1;'2016-04-26 11:16:10';CC;;;;;;;;;;1;'2016-04-26 11:20:41';CC;;1;'2016-04-26 11:18:44';CC;;;;;;;;;;;;;;;;;;1;'2016-05-25 15:29:02';LU;;;;;;;;;;1;'2016-07-08 14:41:51';LC;;;;;
23;TESTNO;6;TRUE;TRUE;TRUE;0;CC;'2016-04-29 13:38:12';0;'2016-04-28';;0;-1;-1;14;4xtcpYpkcO8=;7vjl+f2nxLk=;3VTAryeA1Z8=;2;11;;;;;1;'2016-04-29 13:42:19';CC;;1;'2016-04-29 13:39:49';CC;;;;;;;;;;-1;;;;1;'2016-04-29 13:43:04';CC;;;;;;;;;;;;;;0;;;;0;'2016-04-29 13:46:05';CC;;1;'2016-04-29 13:43:51';CC;;;;;;0;'2016-06-20 13:44:35';LU;;0;'2016-06-14 10:16:18';LC;
31;TESTNO;2;TRUE;TRUE;TRUE;1;CC;'2016-05-03 09:34:48';0;'2016-04-06';;-1;;;18;8Cs5MRqmcto=;GiSaKeYQev8=;S6Xl2qcq62VMceO11j5U9Q==;2;11;0;'2016-05-03 09:34:54';CC;;-1;;;;1;'2016-06-03 14:34:36';LC;;;;;;;;;;-1;;;;-1;;;;;;;;;;;;;;;;;;;;-1;;;;;;;;;;;;-1;;;;;;;
35;TESTNO;4;TRUE;TRUE;TRUE;1;CC;'2016-05-03 11:06:38';1;'2016-05-01';;-1;-1;-1;20;RN57pPPHkfs=;30/HOpe5TJfNO6s3MrAKXw==;RvbaMpPCrl1QGfdZqrgHhQqKP3eZd25x;2;16;-1;;;;-1;;;;1;'2016-07-12 14:49:10';LC;Gjerne ikke rør, testcase i NSP-92. ;;;;;;;;;-1;;;;-1;;;;;;;;;;;;;;;;;;;;0;'2016-07-06 09:03:47';LU;;;;;;;;;;1;'2016-08-04 15:09:36';LC;;;;;
36;TESTNO;6;TRUE;TRUE;TRUE;0;CC;'2016-05-03 12:55:00';0;'2016-05-03';;-1;-1;0;20;RN57pPPHkfs=;30/HOpe5TJfNO6s3MrAKXw==;RvbaMpPCrl1QGfdZqrgHhQqKP3eZd25x;2;16;;;;;0;'2016-05-03 13:26:16';SC;;0;'2016-06-03 13:55:54';LC;;;;;;;;;;0;'2016-05-25 12:59:14';RC;;0;'2016-05-03 13:26:21';SC;;;;;;;;;;;;;;0;;;;0;'2016-07-06 09:02:42';LU;;0;'2016-07-05 08:35:54';LC;;1;'2016-07-05 08:43:15';LC;;-1;;;;0;'2016-06-14 08:57:30';LC;
37;TESTNO;4;TRUE;TRUE;TRUE;1;CC;'2016-05-03 12:56:21';1;'2016-04-01';;-1;-1;-1;21;4CKpOIucT/s=;UkSWGttmyu8=;iNCCWi1INm0=;1;16;0;'2016-05-03 12:56:59';CC;;-1;;;;-1;;;;;;;;;;;;-1;;;;-1;;;;;;;;;;;;;;;;;;;;-1;;;;;;;;;;;;-1;;;;;;;
38;TESTNO;6;TRUE;TRUE;TRUE;0;CC;'2016-05-03 12:58:09';0;'2016-04-16';;-1;-1;-1;21;4CKpOIucT/s=;UkSWGttmyu8=;iNCCWi1INm0=;1;16;;;;;-1;;;;-1;;;;;;;;;;;;-1;;;;0;'2016-06-20 13:52:06';LU;;;;;;;;;;;;;;0;;;;-1;;;;-1;;;;-1;;;;-1;;;;-1;;;
40;TESTNO;4;TRUE;TRUE;TRUE;1;CC;'2016-05-03 13:22:58';1;'2016-04-06';;-1;-1;-1;23;1D+GLiVJBGQ=;xG0qi8znTeM=;Y1fqk3iUR7U2j68zb33j/g==;1;15;-1;;;;-1;;;;-1;;;;;;;;;;;;-1;;;;-1;;;;;;;;;;;;;;;;;;;;-1;;;;;;;;;;;;-1;;;;;;;
41;TESTNO;6;TRUE;TRUE;TRUE;0;CC;'2016-05-03 13:23:35';0;'2016-04-30';;-1;-1;0;23;1D+GLiVJBGQ=;xG0qi8znTeM=;Y1fqk3iUR7U2j68zb33j/g==;1;15;;;;;1;'2016-05-04 17:26:14';CC;;-1;;;;;;;;;;;;0;'2016-07-11 08:37:33';LC;;0;'2016-05-04 16:52:20';CC;21;;;;;;;;;;;;;0;'2016-05-25 13:00:29';RC;;0;'2016-07-11 08:40:43';LU;;0;'2016-05-04 16:03:02';CC;4;;;;;-1;;;;0;'2016-07-11 08:37:38';LC;
46;TESTNO;6;TRUE;TRUE;TRUE;1;LC;'2016-06-27 14:22:24';0;'2016-06-01';;-1;-1;-1;7;WpC5h25gLtY=;qLkcgDpfzBQV26yeUuNeyQ==;/Z/KAAI4aUo=;2;14;;;;;-1;;;;1;'2016-07-05 08:57:55';LC;;;;;;;;;;0;'2016-07-11 08:40:22';LU;;0;'2016-07-06 09:07:40';LU;;;;;;;;;;;;;;-1;;;;0;'2016-07-11 08:40:16';LU;;1;'2016-07-05 08:42:46';LC;;;;;;-1;;;;1;'2016-07-11 09:12:24';LC;
51;TESTNO;2;TRUE;TRUE;TRUE;1;LC;'2016-05-24 09:20:25';0;'2016-05-02';;-1;-1;-1;28;0haOOh97tQw=;4Wln1mTM4BmQUbF34BoFNA==;oNHIqzXKHko=;2;14;0;'2016-05-24 09:20:40';LC;;-1;;;;1;'2016-05-24 09:21:07';LC;;;;;;;;;;1;'2016-07-04 14:29:58';LU;;-1;;;;;;;;;;;;;;;;0;;;;-1;;;;;;;;;;;;0;'2016-05-24 09:21:31';LC;;;;;
84;TESTNO2;4;TRUE;;;1;LC2;'2016-06-17 13:42:13';0;'2016-06-01';;0;0;0;54;l1QCuTpCKZI=;dKdEO6yfYxc=;Plikz5HEXYQ=;2;18;0;'2016-06-24 10:25:00';LU2;;0;'2016-06-24 10:27:18';LU2;;0;'2016-06-24 10:25:07';LU2;;;;;;;;;;0;'2016-06-24 10:24:30';LU2;;0;'2016-06-24 10:27:23';LU2;;;;;;;;;;;;;;;;;;1;'2016-06-17 13:55:17';LC2;;;;;;;;;;0;'2016-06-24 10:25:11';LU2;;;;;
86;TESTNO2;4;TRUE;;;1;LC2;'2016-06-17 14:14:28';0;'2016-05-30';;0;0;1;56;BwCwaeqzUoI=;jGCYH9CrcR8=;AWa70p9umLc=;2;17;1;'2016-07-07 10:21:30';LC2;;1;'2016-07-07 10:23:18';LC2;;1;'2016-07-07 10:21:56';LC2;;;;;;;;;;1;'2016-07-07 10:24:41';LC2;;1;'2016-07-07 10:23:36';LC2;;;;;;;;;;;;;;;;;;1;'2016-06-17 14:22:24';LC2;;;;;;;;;;0;'2016-07-07 10:22:19';LC2;;;;;
96;TESTNO;4;TRUE;TRUE;TRUE;1;LU;'2016-06-28 10:30:28';0;'2016-05-25';;-1;-1;0;65;LZlrLhXgXYI=;DzE7lk7UksucGyhDtD+OL6ES2G1hgVs8;xygtoUyvkKo=;1;58;0;'2016-06-28 10:30:36';LU;;-1;;;;-1;;;;;;;;;;;;0;'2016-07-06 09:05:02';LU;;-1;;;;;;;;;;;;;;;;;;;;0;'2016-07-06 09:04:11';LU;;;;;;;;;;-1;;;;;;;
101;TESTNO;4;TRUE;TRUE;TRUE;1;LC;'2016-06-28 14:54:30';1;'2016-05-05';;0;0;1;70;sE+8p/Sds+Q=;jWJYjBtlaPg=;c+bO7FtIwS0=;2;11;0;'2016-06-29 10:16:35';CC;;1;'2016-06-28 15:02:49';LC;;1;'2016-06-28 15:01:02';LC;;;;;;;;;;1;'2016-06-28 15:07:14';LC;;1;'2016-06-28 15:02:55';LC;;;;;;;;;;;;;;;;;;1;'2016-06-28 15:06:08';LC;;;;;;;;;;0;'2016-06-28 15:02:42';LC;;;;;
102;TESTNO;6;TRUE;TRUE;TRUE;1;CC;'2016-06-28 15:12:22';0;'2016-06-28';;0;0;0;70;sE+8p/Sds+Q=;jWJYjBtlaPg=;c+bO7FtIwS0=;2;12;;;;;1;'2016-06-28 15:15:45';LC;;1;'2016-06-28 15:14:29';LC;;;;;;;;;;1;'2016-06-28 15:33:43';LC;;1;'2016-06-28 15:15:52';LC;;;;;;;;;;;;;;0;'2016-06-28 15:27:47';LC;;1;'2016-06-28 15:26:51';LC;;1;'2016-06-28 15:16:55';LC;;;;;;0;'2016-06-28 15:15:40';LC;;1;'2016-07-11 09:44:08';LC;Skjemaet er eksempel i NSP-163. 
134;TESTNO2;4;TRUE;;;1;LU2;'2016-07-06 09:10:11';0;'2016-07-06';;0;0;1;92;xGHyte7QdC8=;BHj9KwfPcT0=;KO/GnF1CEcM=;2;15;1;'2016-07-06 09:13:06';LU2;;1;'2016-07-06 09:16:54';LU2;;1;'2016-07-06 09:12:45';LU2;;;;;;;;;;1;'2016-07-06 09:23:50';LU2;;1;'2016-07-06 09:21:22';LU2;;;;;;;;;;;;;;;;;;1;'2016-07-06 09:22:11';LU2;;;;;;;;;;0;'2016-07-06 09:14:10';LU2;;;;;
149;TESTNO;4;TRUE;TRUE;TRUE;1;LC;'2016-07-11 11:21:10';0;'2016-02-07';;-1;-1;-1;103;suLgGNAjotk=;P27mYbH+pxDLakEjdyOH+Q==;sWRoPviiVJap6LY6cYihPw==;2;14;0;'2016-07-11 11:22:00';LC;;-1;;;;-1;;;;;;;;;;;;-1;;;;-1;;;;;;;;;;;;;;;;;;;;-1;;;;;;;;;;;;-1;;;;;;;
150;TESTNO;2;TRUE;TRUE;TRUE;1;LC;'2016-07-11 11:23:20';0;'2016-01-16';;-1;-1;-1;104;4wAUzIfcW5A=;x3Eb93IqUF4=;89KEHvyzuPIsNrG+h/8tkA==;2;14;-1;;;;-1;;;;-1;;;;;;;;;;;;-1;;;;-1;;;;;;;;;;;;;;;;-1;;;;-1;;;;;;;;;;;;-1;;;;;;;
151;TESTNO;2;TRUE;TRUE;TRUE;1;LC;'2016-07-11 11:25:16';0;'2016-07-01';;-1;-1;-1;105;0JO13WW8LJk=;wPNib/DVrrdMT2zq3TXPIFrrMvNIHqfD;OY2VLiywARndtWMHj/oA3g==;2;15;-1;;;;-1;;;;-1;;;;;;;;;;;;-1;;;;-1;;;;;;;;;;;;;;;;-1;;;;-1;;;;;;;;;;;;-1;;;;;;;
152;TESTNO;4;TRUE;TRUE;TRUE;1;LU;'2016-07-12 12:21:08';0;'2016-07-08';;-1;-1;-1;106;mXcq563yFfE=;Mdpep0+jkXkWPL33KEkZZQ==;n9qA1k9Cwjn6J6URbaAIgRCE13AkUhBS;1;36;0;'2016-07-12 12:21:29';LU;;-1;;;;-1;;;;;;;;;;;;0;'2016-07-12 12:23:00';LU;;0;'2016-07-12 12:21:33';LU;;;;;;;;;;;;;;;;;;-1;;;;;;;;;;;;-1;;;;;;;
162;TESTNO;4;TRUE;TRUE;TRUE;1;LU;'2016-07-12 12:59:22';0;'2016-07-06';;-1;-1;-1;116;J49mfNMURa4=;+yxQU0sjgD0zIHnDHZtkOw==;fmimGnysVRI=;1;57;-1;;;;-1;;;;-1;;;;;;;;;;;;-1;;;;0;'2016-07-12 12:59:37';LU;;;;;;;;;;;;;;;;;;-1;;;;;;;;;;;;-1;;;;;;;
163;TESTNO;4;TRUE;TRUE;TRUE;1;LU;'2016-07-12 13:00:22';0;'2016-07-06';;-1;-1;-1;117;fDHq7icNtzQ=;WLp391++70E=;p87hJs+O1z4EhU3pt4jyxTZWe8uV/y7R;2;57;-1;;;;-1;;;;-1;;;;;;;;;;;;-1;;;;0;'2016-07-12 13:00:32';LU;;;;;;;;;;;;;;;;;;0;'2016-07-12 13:00:35';LU;;;;;;;;;;-1;;;;;;;
164;TESTNO;4;TRUE;TRUE;TRUE;1;LU;'2016-07-12 13:02:07';0;'2016-07-06';;-1;-1;-1;118;LsS/8HzaPBg=;IjwowAEfsFZiV0u+JI2QoQ==;c2swIIGzNurrCGyqUdM1HQ==;2;12;-1;;;;-1;;;;-1;;;;;;;;;;;;-1;;;;0;'2016-07-12 13:02:13';LU;;;;;;;;;;;;;;;;;;-1;;;;;;;;;;;;-1;;;;;;;
153;TESTNO2;4;TRUE;;;1;LU2;'2016-07-12 12:24:11';0;'2016-07-08';;-1;-1;1;107;M1M6ZX8B970=;1fl2IMImMC4=;SWnT/qCml3I=;1;29;-1;;;;-1;;;;-1;;;;;;;;;;;;;;;;0;'2016-07-12 12:26:02';LU2;;;;;;;;;;;;;;;;;;1;'2016-07-12 12:24:40';LU2;;;;;;;;;;-1;;;;;;;
155;TESTNO3;4;;;;1;LU3;'2016-07-12 12:28:27';0;'2016-07-08';;-1;-1;1;109;ej1EKF4V6J0=;nFnsbJPRfOI=;7JRPF6DoMuACamgBZUgIBQ==;1;23;-1;;;;0;'2016-07-12 12:30:14';LU3;;-1;;;;;;;;;;;;;;;;0;'2016-08-11 15:12:24';LU3;;;;;;;;;;;;;;;;;;1;'2016-07-12 12:30:53';LU3;;;;;;;;;;-1;;;;;;;
156;TESTNO3;4;;;;1;LU3;'2016-07-12 12:31:41';0;'2016-07-08';;-1;-1;1;110;sM1X0Yvfw3E=;u6hotSTZa3U=;DxBe67A9rlk9aAWkV+ljlg==;1;85;-1;;;;-1;;;;-1;;;;;;;;;;;;;;;;0;'2016-08-11 15:13:07';LU3;;;;;;;;;;;;;;;;;;1;'2016-08-11 15:13:41';LU3;;;;;;;;;;-1;;;;;;;
165;TESTNO2;4;TRUE;;;1;LU2;'2016-07-12 13:03:55';0;'2016-07-08';;-1;-1;0;119;9ie5gnx3i8I=;X1+HgS2Dc1qlh2G5Qmb1Qw==;yAH54VIozHA=;1;40;-1;;;;-1;;;;-1;;;;;;;;;;;;;;;;0;'2016-07-12 13:04:44';LU2;;;;;;;;;;;;;;;;;;0;'2016-07-12 13:04:47';LU2;;;;;;;;;;-1;;;;;;;
167;TESTNO2;4;TRUE;;;1;LU2;'2016-07-12 13:15:41';0;'2016-07-11';;-1;-1;0;107;M1M6ZX8B970=;1fl2IMImMC4=;SWnT/qCml3I=;1;29;-1;;;;-1;;;;-1;;;;;;;;;;;;;;;;0;'2016-07-12 13:16:59';LU2;;;;;;;;;;;;;;;;;;0;'2016-07-12 13:16:12';LU2;;;;;;;;;;-1;;;;;;;
22;TESTNO;4;TRUE;TRUE;TRUE;1;CC;'2016-04-29 13:26:13';1;'2016-01-20';;-1;-1;0;14;4xtcpYpkcO8=;7vjl+f2nxLk=;3VTAryeA1Z8=;2;10;1;'2016-04-29 13:27:18';CC;;1;'2016-04-29 13:33:51';CC;;;;;;1;'2016-04-29 13:30:26';CC;;;;;;1;'2016-04-29 13:36:53';CC;;1;'2016-04-29 13:34:35';CC;;;;;;;;;;;;;;;;;;0;'2016-04-29 13:35:42';CC;;;;;;;;;;-1;;;;;;;
30;TESTNO;2;TRUE;TRUE;TRUE;1;CC;'2016-05-03 08:53:54';0;'2016-04-20';;-1;;;17;q7tNz9g9oYo=;NAkJR7xVVCmKPh+Mi8RQEw==;7PEB0UffdTQ=;1;9;0;'2016-06-22 14:30:48';LU;;0;'2016-05-03 08:54:45';CC;;;;;;-1;;;;;;;;-1;;;;-1;;;;;;;;;;;;;;;;;;;;0;'2016-06-22 14:30:28';LU;;;;;;;;;;0;'2016-06-22 14:30:51';LU;;;;;
32;TESTNO;4;TRUE;TRUE;TRUE;1;CC;'2016-05-03 10:33:28';1;'2016-05-02';;-1;-1;-1;19;WDBmsoxXkHE=;1THChUVRRug=;3hckKj1E03o=;1;7;1;'2016-07-18 17:03:10';LU;;1;'2016-06-03 14:13:11';LC;;;;;;1;'2016-07-05 08:55:15';LC;;;;;;-1;;;;-1;;;;;;;;;;;;;;;;;;;;-1;;;;;;;;;;;;-1;;;;;;;
34;TESTNO;6;TRUE;TRUE;TRUE;0;CC;'2016-05-03 11:02:40';0;'2016-05-03';;-1;-1;0;19;WDBmsoxXkHE=;1THChUVRRug=;3hckKj1E03o=;1;7;;;;;-1;;;;;;;;1;'2016-06-02 17:09:33';LC;;;;;;1;'2016-06-02 13:44:29';LC;;-1;;;;;;;;;;;;;;;;0;'2016-07-04 10:02:38';LC;;1;'2016-06-28 14:47:44';LC;;1;'2016-05-25 15:24:19';LC;;;;;;0;'2016-06-03 16:31:20';LC;5;0;'2016-07-14 15:42:35';LC;
64;TESTNO;2;TRUE;TRUE;TRUE;1;LU;'2016-06-09 09:00:20';0;'2016-06-09';;-1;-1;-1;38;J+yh1xg04Z4=;fnyBD5v1pS8=;25QJPulPq/e99ZaCU5nV+A==;1;9;0;'2016-06-09 09:01:11';LU;;-1;;;;;;;;-1;;;;;;;;-1;;;;-1;;;;;;;;;;;;;;;;-1;;;;-1;;;;;;;;;;;;-1;;;;;;;
65;TESTNO;4;TRUE;TRUE;TRUE;1;LU;'2016-06-09 09:02:36';0;'2016-06-09';;0;0;1;39;y+BQDooBocQ=;fnyBD5v1pS8=;25QJPulPq/e99ZaCU5nV+A==;2;3;0;'2016-07-04 09:48:44';LC;;0;'2016-07-04 09:49:03';LC;;;;;;0;'2016-07-04 09:48:49';LC;;;;;;1;'2016-07-06 09:01:08';LU;;0;'2016-07-04 09:52:07';LC;;;;;;;;;;;;;;;;;;1;'2016-07-04 10:02:00';LC;;;;;;;;;;0;'2016-07-04 09:48:54';LC;;;;;
69;TESTNO;4;TRUE;TRUE;TRUE;1;LU;'2016-06-10 08:56:35';0;'2016-06-10';;-1;-1;-1;41;65jqr1y+yBM=;3LRAJEhqZ8ox4VjcZ6Tpzg==;W7UJPRbM5ZZlgOiUeczdYg==;2;3;-1;;;;-1;;;;;;;;-1;;;;;;;;-1;;;;-1;;;;;;;;;;;;;;;;;;;;0;'2016-06-10 10:46:20';LU;;;;;;;;;;-1;;;;;;;
70;TESTNO;4;TRUE;TRUE;TRUE;1;LU;'2016-06-10 10:53:14';0;'2016-06-09';;-1;-1;0;42;wBZsQZlaKcc=;R4Brg+kjzAVvv6biZIaxdA==;hqNNNR52YjE=;2;2;-1;;;;-1;;;;;;;;1;'2016-07-12 16:17:14';LC;Gjerne ikke rør, testcase i NSP-92.;;;;;0;'2016-07-06 09:06:35';LU;;0;'2016-07-06 09:06:08';LU;;;;;;;;;;;;;;;;;;0;'2016-07-06 09:06:18';LU;;;;;;;;;;-1;;;;;;;
71;TESTNO;4;TRUE;TRUE;TRUE;1;LU;'2016-06-10 11:07:53';1;'2016-06-10';;-1;-1;-1;43;H9Qv2RMpDw0=;eYIFvHdqeXalxgVC9j6WgA==;oOlQI6pisro=;2;3;-1;;;;-1;;;;;;;;-1;;;;;;;;-1;;;;-1;;;;;;;;;;;;;;;;;;;;-1;;;;;;;;;;;;-1;;;;;;;
72;TESTNO;4;TRUE;TRUE;TRUE;1;LU;'2016-06-14 09:43:40';0;'2016-06-14';;-1;-1;-1;44;7xEgdWMF+iQ=;vPKUz8CJpHA=;bNINxSPiDWI=;2;2;-1;;;;-1;;;;;;;;-1;;;;;;;;-1;;;;-1;;;;;;;;;;;;;;;;;;;;0;'2016-06-14 11:18:04';LU;;;;;;;;;;-1;;;;;;;
76;TESTNO;4;TRUE;TRUE;TRUE;1;LC;'2016-07-01 10:23:55';0;'2016-05-25';;0;-1;-1;44;7xEgdWMF+iQ=;vPKUz8CJpHA=;bNINxSPiDWI=;2;2;0;'2016-07-01 10:24:35';LC;;0;'2016-07-01 10:24:46';LC;;;;;;0;'2016-07-01 10:24:39';LC;;;;;;-1;;;;0;'2016-07-01 10:24:48';LC;;;;;;;;;;;;;;;;;;0;'2016-07-01 10:24:51';LC;;;;;;;;;;0;'2016-07-01 10:24:43';LC;;;;;
77;TESTNO;6;TRUE;TRUE;TRUE;1;LU;'2016-06-14 15:16:05';0;'2016-06-14';;-1;-1;-1;43;H9Qv2RMpDw0=;eYIFvHdqeXalxgVC9j6WgA==;oOlQI6pisro=;2;3;;;;;0;'2016-06-14 15:32:49';LU;1;;;;;1;'2016-06-14 15:16:55';LU;;;;;;-1;;;;-1;;;;;;;;;;;;;;;;0;'2016-06-14 15:19:33';LU;;1;'2016-06-14 15:20:05';LU;;-1;;;;;;;;0;'2016-06-14 15:31:33';LU;;0;'2016-06-14 15:30:49';LU;
78;TESTNO;4;TRUE;TRUE;TRUE;1;LU;'2016-06-15 11:21:38';0;'2015-03-13';;-1;-1;-1;48;3cBDNlj7g2g=;XKrUmiuh4tg=;NpC4HwUTuSs=;1;4;-1;;;;-1;;;;;;;;-1;;;;;;;;-1;;;;-1;;;;;;;;;;;;;;;;;;;;0;'2016-06-15 11:33:36';LU;;;;;;;;;;-1;;;;;;;
121;TESTNO3;2;;;;1;LC3;'2016-07-04 09:17:59';0;'2016-06-29';;-1;-1;-1;85;DIr5Xb8DnWA=;VwAVz8GiXzo0c47dwleeAQ==;BhhsgoL0d1E=;1;7;-1;;;;-1;;;;;;;;-1;;;;;;;;-1;;;;-1;;;;;;;;;;;;;;;;0;'2016-07-04 09:20:46';LC3;;-1;;;;;;;;;;;;-1;;;;;;;
141;TESTNO3;4;;;;1;LC3;'2016-07-07 12:20:45';1;'2016-05-19';;0;0;1;97;AEIZ8FHbQiA=;G8pKwQW3vtI=;xmh/DwQyG/4=;2;9;1;'2016-07-07 12:21:34';LC3;;1;'2016-07-07 12:22:31';LC3;;;;;;1;'2016-07-07 12:22:02';LC3;;;;;;1;'2016-07-07 12:25:21';LC3;;1;'2016-07-07 12:23:23';LC3;;;;;;;;;;;;;;;;;;1;'2016-07-07 12:24:36';LC3;;;;;;;;;;0;'2016-07-07 12:22:23';LC3;;;;;
142;TESTNO3;6;;;;1;LC3;'2016-07-07 12:24:03';0;'2016-07-01';;-1;-1;-1;97;AEIZ8FHbQiA=;G8pKwQW3vtI=;xmh/DwQyG/4=;2;9;;;;;-1;;;;;;;;-1;;;;;;;;-1;;;;-1;;;;;;;;;;;;;;;;-1;;;;-1;;;;-1;;;;;;;;-1;;;;-1;;;
175;TESTNO3;4;;;;1;LU3;'2016-08-11 15:30:18';0;'2016-08-11';;-1;-1;-1;123;c1GDCdAYgBc=;ytJ60FnicMqA7CXqJcBeQnpjRiYk44X0;XUWiZRH3ppqb/AZP5XIn5G76t+NOtMbx;2;9;-1;;;;-1;;;;;;;;-1;;;;;;;;;;;;-1;;;;;;;;;;;;;;;;;;;;-1;;;;;;;;;;;;-1;;;;;;;
177;TESTNO2;4;TRUE;;;1;LU2;'2016-08-11 15:33:41';0;'2016-08-10';;-1;-1;-1;125;lGSyY2OH2mk=;slNV7t/rmDNRcxQJJGHPrA==;Yf5YyhfTEK4=;2;7;-1;;;;-1;;;;;;;;-1;;;;;;;;;;;;-1;;;;;;;;;;;;;;;;;;;;-1;;;;;;;;;;;;-1;;;;;;;
18;TESTNO;99;TRUE;TRUE;TRUE;1;CC;'2016-04-29 10:38:38';0;'2016-04-28';;1;0;0;5;ITPDEX33umM=;pkAmRMv5kGE=;3Nb1loECABc=;1;17;;;;;;;;;;;;;;;;;;;;;;;;;;;;;;;;;;;;;;;;;0;;;;;;;;;;;;;;;;;;;;0;'2016-07-14 12:50:38';LC;
33;TESTNO;99;TRUE;TRUE;TRUE;1;CC;'2016-05-04 15:49:03';0;'2016-05-04';;1;0;0;7;WpC5h25gLtY=;qLkcgDpfzBQV26yeUuNeyQ==;/Z/KAAI4aUo=;2;14;;;;;;;;;;;;;;;;;;;;;;;;;;;;;;;;;;;;;;;;;0;'2016-06-15 09:24:57';LC;;;;;;;;;;;;;;;;;;1;'2016-07-11 09:12:47';LC;
116;TESTNO;0;TRUE;TRUE;TRUE;0;;'2016-07-01 08:53:26';0;;;-1;-1;-1;8;wTcd9ng7z0c=;8iClNhCEqKckgnpV9yfKmg==;VJ2u/nYZxao=;2;21;;;;;;;;;;;;;;;;;;;;;;;;;;;;;;;;;;;;;;;;;;;;;;;;;;;;;;;;;;;;;;;;
171;TESTNO;0;TRUE;TRUE;TRUE;0;;'2016-08-10 11:14:24';0;;;-1;-1;-1;8;wTcd9ng7z0c=;8iClNhCEqKckgnpV9yfKmg==;VJ2u/nYZxao=;2;21;;;;;;;;;;;;;;;;;;;;;;;;;;;;;;;;;;;;;;;;;;;;;;;;;;;;;;;;;;;;;;;;
173;TESTNO;0;TRUE;TRUE;TRUE;0;;'2016-08-10 13:49:00';0;;;-1;-1;-1;8;wTcd9ng7z0c=;8iClNhCEqKckgnpV9yfKmg==;VJ2u/nYZxao=;2;21;;;;;;;;;;;;;;;;;;;;;;;;;;;;;;;;;;;;;;;;;;;;;;;;;;;;;;;;;;;;;;;;
52;TESTNO;0;TRUE;TRUE;TRUE;0;;'2016-05-25 10:52:28';0;;;-1;-1;-1;10;gCXECsyb448=;EB1jI9GFVe8=;XxDf42HHWrk=;2;22;;;;;;;;;;;;;;;;;;;;;;;;;;;;;;;;;;;;;;;;;;;;;;;;;;;;;;;;;;;;;;;;
49;TESTNO;0;TRUE;TRUE;TRUE;0;;'2016-05-12 14:28:26';0;;;-1;-1;-1;13;lLILIZSpTxc=;D/flFFTncACf1cL5wo62AOIHKdizBqGX;zYszFPRcdHobloL+rkkZoA==;2;26;;;;;;;;;;;;;;;;;;;;;;;;;;;;;;;;;;;;;;;;;;;;;;;;;;;;;;;;;;;;;;;;
170;TESTNO2;0;TRUE;;;0;;'2016-07-13 11:06:19';0;;;-1;-1;-1;13;lLILIZSpTxc=;D/flFFTncACf1cL5wo62AOIHKdizBqGX;zYszFPRcdHobloL+rkkZoA==;2;26;;;;;;;;;;;;;;;;;;;;;;;;;;;;;;;;;;;;;;;;;;;;;;;;;;;;;;;;;;;;;;;;
145;TESTNO;0;TRUE;TRUE;TRUE;0;;'2016-07-07 14:48:01';0;;;-1;-1;-1;14;4xtcpYpkcO8=;7vjl+f2nxLk=;3VTAryeA1Z8=;2;11;;;;;;;;;;;;;;;;;;;;;;;;;;;;;;;;;;;;;;;;;;;;;;;;;;;;;;;;;;;;;;;;
26;TESTNO;98;TRUE;TRUE;TRUE;1;CC;'2016-04-29 16:04:23';0;'2016-04-07';;1;0;0;15;3QAFGcelQtQ=;dlEGNcKcK6s=;f4Wg+4dQkecc9s+Ju0uXLg==;2;23;;;;;;;;;;;;;;;;;;;;;;;;;;;;;;;;;;;;;0;'2016-05-03 13:30:57';SC;;;;;;;;;;;;;;;;;;;;;;0;'2016-06-14 10:16:01';LC;
47;TESTNO;0;TRUE;TRUE;TRUE;0;;'2016-05-11 12:39:40';0;;;-1;-1;-1;19;WDBmsoxXkHE=;1THChUVRRug=;3hckKj1E03o=;1;8;;;;;;;;;;;;;;;;;;;;;;;;;;;;;;;;;;;;;;;;;;;;;;;;;;;;;;;;;;;;;;;;
44;TESTNO;98;TRUE;TRUE;TRUE;1;CC;'2016-05-04 15:51:41';0;'2016-05-04';;1;0;0;25;qxtnUoz6MZs=;GoSNJblq5pwxsLli+FBKxA==;NAx44wdxuyo=;1;42;;;;;;;;;;;;;;;;;;;;;;;;;;;;;;;;;;;;;0;'2016-07-07 14:53:16';LU;;;;;;;;;;;;;;;;;;;;;;0;'2016-07-19 14:51:59';LU;
50;TESTNO3;1;;;;1;LC3;'2016-05-13 10:11:15';0;'2016-03-07';;0;0;0;26;yg3Dt2A4BxPK+G3YoK+Uhg==;9pMM2U1uwfk=;+/t5nQTYSQU=;2;36;0;'2016-07-07 12:35:57';LC3;;0;'2016-05-13 10:14:55';LC3;;;;;;;;;;;;;;;;;;0;'2016-05-13 10:15:09';LC3;;;;;;0;'2016-07-07 12:36:07';LC3;;0;'2016-05-13 10:15:22';LC3;;;;;;0;'2016-05-13 10:15:39';LC3;;;;;;;;;;;;;;;;;
57;TESTNO;98;TRUE;TRUE;TRUE;1;LC;'2016-05-25 11:00:09';0;'2016-05-25';;1;0;0;31;H/HjEJ9pK4A=;t6+34ty8b0w=;EF5UlFcdJ7JM+qqV0SS0Lg==;2;35;;;;;;;;;;;;;;;;;;;;;;;;;;;;;;;;;;;;;0;'2016-06-28 10:25:27';LU;;;;;;;;;;;;;;;;;;;;;;0;'2016-06-14 10:15:37';LC;
63;TESTNO3;3;;;;1;LC3;'2016-06-02 13:13:05';0;'2016-05-10';;1;1;1;37;/Aovp15J75w=;CzL6yQf5BFI=;ZUzDiclTllU=;2;45;1;'2016-06-02 13:14:17';LC3;;1;'2016-06-02 13:29:48';LC3;;;;;;;;;;;;;;;;;;1;'2016-06-02 13:30:06';LC3;;;;;;1;'2016-06-02 13:15:06';LC3;;;;;;;;;;1;'2016-06-02 13:30:30';LC3;;;;;;;;;;;;;;;;;
82;TESTNO3;1;;;;1;LU3;'2016-06-15 14:16:31';0;'2016-06-15';;1;1;1;52;GFjMD3yv8mY=;FF7Tw6/2Olc=;pa0aS2C9Oiw=;1;31;1;'2016-07-06 16:11:24';LC3;;1;'2016-07-06 16:13:22';LC3;;;;;;;;;;;;;;;;;;1;'2016-07-06 16:13:55';LC3;;;;;;1;'2016-07-06 16:11:55';LC3;;1;'2016-07-06 16:14:36';LC3;;;;;;1;'2016-07-06 16:15:10';LC3;;;;;;;;;;;;;;;;;
89;TESTNO;0;TRUE;TRUE;TRUE;0;;'2016-06-20 11:13:00';0;;;-1;-1;-1;59;5k4NBtbRiew=;iuLZ557xOvo=;V9YuOUQM9LI=;1;40;;;;;;;;;;;;;;;;;;;;;;;;;;;;;;;;;;;;;;;;;;;;;;;;;;;;;;;;;;;;;;;;
90;TESTNO;0;TRUE;TRUE;TRUE;0;;'2016-06-20 12:25:49';0;;;-1;-1;-1;60;hdPn5dzBJSM=;pdSp4EmI4do=;hcIszi1HNfn9XMpdcN4wKorhWNIO3lWS;2;27;;;;;;;;;;;;;;;;;;;;;;;;;;;;;;;;;;;;;;;;;;;;;;;;;;;;;;;;;;;;;;;;
91;TESTNO3;3;;;;1;LU3;'2016-06-21 12:51:08';0;'2016-06-01';;1;1;1;61;qkuLAPSIDwU=;T3I70IL1nhnjHgJNV9zoQA==;6Pd7jQOnTgvxdwQ7Dgu3Vg==;2;23;1;'2016-06-28 15:49:14';LC3;;1;'2016-06-28 15:50:44';LC3;;;;;;;;;;;;;;;;;;1;'2016-06-28 15:51:01';LC3;;;;;;1;'2016-06-28 15:49:43';LC3;;;;;;;;;;1;'2016-06-21 12:52:44';LU3;;;;;;;;;;;;;;;;;
92;TESTNO;0;TRUE;TRUE;TRUE;0;;'2016-06-22 13:53:18';0;;;-1;-1;-1;62;OmpcVUO8XuM=;;;;;;;;;;;;;;;;;;;;;;;;;;;;;;;;;;;;;;;;;;;;;;;;;;;;;;;;;;;;;;;;;;;;
93;TESTNO2;0;TRUE;;;0;;'2016-06-24 09:46:12';0;;;-1;-1;-1;63;h0C/1uIVDQQ=;;;;;;;;;;;;;;;;;;;;;;;;;;;;;;;;;;;;;;;;;;;;;;;;;;;;;;;;;;;;;;;;;;;;
94;TESTNO2;0;TRUE;;;0;;'2016-06-27 14:26:14';0;;;-1;-1;-1;64;b+He1komhgk=;;;;;;;;;;;;;;;;;;;;;;;;;;;;;;;;;;;;;;;;;;;;;;;;;;;;;;;;;;;;;;;;;;;;
114;TESTNO;98;TRUE;TRUE;TRUE;1;LU;'2016-06-29 15:16:31';0;'2016-06-29';;1;-1;-1;65;LZlrLhXgXYI=;DzE7lk7UksucGyhDtD+OL6ES2G1hgVs8;xygtoUyvkKo=;1;58;;;;;;;;;;;;;;;;;;;;;;;;;;;;;;;;;;;;;-1;;;;;;;;;;;;;;;;;;;;;;;;1;'2016-07-11 09:14:08';LC;
97;TESTNO;0;TRUE;TRUE;TRUE;0;;'2016-06-28 12:59:24';0;;;-1;-1;-1;66;lwWkbC/39eY=;;;;;;;;;;;;;;;;;;;;;;;;;;;;;;;;;;;;;;;;;;;;;;;;;;;;;;;;;;;;;;;;;;;;
98;TESTNO;0;TRUE;TRUE;TRUE;0;;'2016-06-28 13:07:14';0;;;-1;-1;-1;67;fj5fuzxDD6s=;;;;;;;;;;;;;;;;;;;;;;;;;;;;;;;;;;;;;;;;;;;;;;;;;;;;;;;;;;;;;;;;;;;;
99;TESTNO;0;TRUE;TRUE;TRUE;0;;'2016-06-28 13:13:52';0;;;-1;-1;-1;68;pNr6YudhewQ=;;;;;;;;;;;;;;;;;;;;;;;;;;;;;;;;;;;;;;;;;;;;;;;;;;;;;;;;;;;;;;;;;;;;
103;TESTNO;0;TRUE;TRUE;TRUE;0;;'2016-06-29 08:32:59';0;;;-1;-1;-1;71;iVzKdoJ0AIU=;;;;;;;;;;;;;;;;;;;;;;;;;;;;;;;;;;;;;;;;;;;;;;;;;;;;;;;;;;;;;;;;;;;;
106;TESTNO;0;TRUE;TRUE;TRUE;0;;'2016-06-29 10:03:53';0;;;-1;-1;-1;72;Mm2nxMM3Cow=;;;;;;;;;;;;;;;;;;;;;;;;;;;;;;;;;;;;;;;;;;;;;;;;;;;;;;;;;;;;;;;;;;;;
105;TESTNO;0;TRUE;TRUE;TRUE;0;;'2016-06-29 10:02:29';0;;;-1;-1;-1;73;apckoTHmEbI=;;;;;;;;;;;;;;;;;;;;;;;;;;;;;;;;;;;;;;;;;;;;;;;;;;;;;;;;;;;;;;;;;;;;
112;TESTNO;0;TRUE;TRUE;TRUE;0;;'2016-06-29 13:06:39';0;;;-1;-1;-1;78;bKMURnF9Ajk=;;;;;;;;;;;;;;;;;;;;;;;;;;;;;;;;;;;;;;;;;;;;;;;;;;;;;;;;;;;;;;;;;;;;
113;TESTNO;0;TRUE;TRUE;TRUE;0;;'2016-06-29 15:13:28';0;;;-1;-1;-1;79;GmD66YN1Awg=;;;;;;;;;;;;;;;;;;;;;;;;;;;;;;;;;;;;;;;;;;;;;;;;;;;;;;;;;;;;;;;;;;;;
123;TESTNO;0;TRUE;TRUE;TRUE;0;;'2016-07-04 15:19:56';0;;;-1;-1;-1;86;aTZutQVWmyE=;;;;;;;;;;;;;;;;;;;;;;;;;;;;;;;;;;;;;;;;;;;;;;;;;;;;;;;;;;;;;;;;;;;;
124;TESTNO;0;TRUE;TRUE;TRUE;0;;'2016-07-04 15:20:32';0;;;-1;-1;-1;87;pOFqPJHTEAc=;;;;;;;;;;;;;;;;;;;;;;;;;;;;;;;;;;;;;;;;;;;;;;;;;;;;;;;;;;;;;;;;;;;;
126;TESTNO;0;TRUE;TRUE;TRUE;0;;'2016-07-04 15:23:04';0;;;-1;-1;-1;89;G9niKU3yWl4=;wH7+xcrKFyg=;ZevBVDa8kMXkecp60VJ4GA==;2;93;;;;;;;;;;;;;;;;;;;;;;;;;;;;;;;;;;;;;;;;;;;;;;;;;;;;;;;;;;;;;;;;
128;TESTNO;0;TRUE;TRUE;TRUE;0;;'2016-07-04 15:26:12';0;;;-1;-1;-1;89;G9niKU3yWl4=;wH7+xcrKFyg=;ZevBVDa8kMXkecp60VJ4GA==;2;93;;;;;;;;;;;;;;;;;;;;;;;;;;;;;;;;;;;;;;;;;;;;;;;;;;;;;;;;;;;;;;;;
129;TESTNO;0;TRUE;TRUE;TRUE;0;;'2016-07-04 15:28:05';0;;;-1;-1;-1;89;G9niKU3yWl4=;wH7+xcrKFyg=;ZevBVDa8kMXkecp60VJ4GA==;2;93;;;;;;;;;;;;;;;;;;;;;;;;;;;;;;;;;;;;;;;;;;;;;;;;;;;;;;;;;;;;;;;;
131;TESTNO;0;TRUE;TRUE;TRUE;0;;'2016-07-04 15:29:45';0;;;-1;-1;-1;90;b64C1YrRrr8=;RTQkJxYvTtAVPCwAoIgpkg==;a3Ul3CZf9ik=;1;38;;;;;;;;;;;;;;;;;;;;;;;;;;;;;;;;;;;;;;;;;;;;;;;;;;;;;;;;;;;;;;;;
133;TESTNO;0;TRUE;TRUE;TRUE;0;;'2016-07-04 15:35:41';0;;;-1;-1;-1;91;FGOvaFcpgXU=;;;;;;;;;;;;;;;;;;;;;;;;;;;;;;;;;;;;;;;;;;;;;;;;;;;;;;;;;;;;;;;;;;;;
169;TESTNO2;0;TRUE;;;0;;'2016-07-13 11:05:57';0;;;-1;-1;-1;92;xGHyte7QdC8=;BHj9KwfPcT0=;KO/GnF1CEcM=;2;15;;;;;;;;;;;;;;;;;;;;;;;;;;;;;;;;;;;;;;;;;;;;;;;;;;;;;;;;;;;;;;;;
135;TESTNO3;3;;;;1;LC3;'2016-07-07 10:30:37';0;'2016-05-18';;1;1;1;93;BzDKkDGG0xo=;7B/b8TeDPbrWndIcngq5AA==;oUUaeukDN+KRtMT3sNt9IA==;2;22;1;'2016-07-07 10:32:32';LC3;;1;'2016-07-07 10:33:52';LC3;;;;;;;;;;;;;;;;;;1;'2016-07-07 10:34:06';LC3;;;;;;1;'2016-07-07 10:33:00';LC3;;;;;;;;;;1;'2016-07-07 10:34:47';LC3;;;;;;;;;;;;;;;;;
136;TESTNO3;3;;;;1;LC3;'2016-07-07 10:55:28';1;'2016-06-23';;1;1;1;94;vybiyzKcnfA=;TB4P2COmX0U=;MxjT/jLobGcEkIY89bwcRQ==;2;20;1;'2016-07-07 11:01:05';LC3;;1;'2016-07-07 11:02:49';LC3;;;;;;;;;;;;;;;;;;1;'2016-07-07 11:03:01';LC3;;;;;;1;'2016-07-07 11:01:39';LC3;;;;;;;;;;1;'2016-07-07 11:04:35';LC3;;;;;;;;;;;;;;;;;
137;TESTNO3;5;;;;1;LC3;'2016-07-07 10:57:35';0;'2016-07-07';;1;1;1;94;vybiyzKcnfA=;TB4P2COmX0U=;MxjT/jLobGcEkIY89bwcRQ==;2;20;;;;;1;'2016-07-07 11:06:42';LC3;;;;;;;;;;;;;;;;;;1;'2016-07-07 11:06:58';LC3;;;;;;1;'2016-07-07 11:05:28';LC3;;1;'2016-07-07 11:11:36';LC3;;;;;;1;'2016-07-07 11:12:03';LC3;;1;'2016-07-07 11:07:19';LC3;;1;'2016-07-07 11:07:39';LC3;;;;;;1;'2016-07-12 12:39:44';LU3;
139;TESTNO2;98;TRUE;;;1;LU2;'2016-07-07 11:42:23';0;'2016-07-07';;1;0;0;95;uCOxgEPjn7k=;d5DNE0dRTFccaq+IUNs3WQ==;m9JX4zb1cto=;2;17;;;;;;;;;;;;;;;;;;;;;;;;;;;;;;;;;;;;;1;'2016-07-07 11:43:23';LU2;;;;;;;;;;;;;;;;;;;;;;0;'2016-08-11 14:29:18';LU2;
143;TESTNO3;3;;;;1;LU3;'2016-07-07 14:32:32';0;'2016-07-06';;-1;-1;0;98;YIwYY3CHF7o=;5WLVSDZBffBhJ2WdZr9tcg==;KP7By2+kxZo=;2;60;-1;;;;-1;;;;;;;;;;;;;;;;;;;;0;'2016-08-11 15:09:53';LU3;;;;;;-1;;;;;;;;;;;;0;'2016-08-11 15:10:00';LU3;;;;;;;;;;;;;;;;;
144;TESTNO3;0;;;;0;;'2016-07-07 14:40:47';0;;;-1;-1;-1;99;ZtaYK7bJYko=;;;;;;;;;;;;;;;;;;;;;;;;;;;;;;;;;;;;;;;;;;;;;;;;;;;;;;;;;;;;;;;;;;;;
147;TESTNO;0;TRUE;TRUE;TRUE;0;;'2016-07-08 15:16:43';0;;;-1;-1;-1;101;xATylH14pO0=;;;;;;;;;;;;;;;;;;;;;;;;;;;;;;;;;;;;;;;;;;;;;;;;;;;;;;;;;;;;;;;;;;;;
148;TESTNO;0;TRUE;TRUE;TRUE;0;;'2016-07-08 15:18:10';0;;;-1;-1;-1;102;8QE9c9a+NUPOy0cBRIvoUA==;WKWvDmyX9SYrBPd87+n+UA==;Ku2vO3tX5kM=;2;43;;;;;;;;;;;;;;;;;;;;;;;;;;;;;;;;;;;;;;;;;;;;;;;;;;;;;;;;;;;;;;;;
172;TESTNO;0;TRUE;TRUE;TRUE;0;;'2016-08-10 11:15:25';0;;;-1;-1;-1;103;suLgGNAjotk=;P27mYbH+pxDLakEjdyOH+Q==;sWRoPviiVJap6LY6cYihPw==;2;15;;;;;;;;;;;;;;;;;;;;;;;;;;;;;;;;;;;;;;;;;;;;;;;;;;;;;;;;;;;;;;;;
154;TESTNO3;0;;;;0;;'2016-07-12 12:26:29';0;;;-1;-1;-1;108;nVBJV9e3hyg=;;;;;;;;;;;;;;;;;;;;;;;;;;;;;;;;;;;;;;;;;;;;;;;;;;;;;;;;;;;;;;;;;;;;
157;TESTNO;0;TRUE;TRUE;TRUE;0;;'2016-07-12 12:54:16';0;;;-1;-1;-1;111;q2y++wfyCcc=;;;;;;;;;;;;;;;;;;;;;;;;;;;;;;;;;;;;;;;;;;;;;;;;;;;;;;;;;;;;;;;;;;;;
158;TESTNO;0;TRUE;TRUE;TRUE;0;;'2016-07-12 12:55:04';0;;;-1;-1;-1;112;0kMHdkt/2Js=;;;;;;;;;;;;;;;;;;;;;;;;;;;;;;;;;;;;;;;;;;;;;;;;;;;;;;;;;;;;;;;;;;;;
160;TESTNO;0;TRUE;TRUE;TRUE;0;;'2016-07-12 12:56:59';0;;;-1;-1;-1;114;JinA0N9soas=;;;;;;;;;;;;;;;;;;;;;;;;;;;;;;;;;;;;;;;;;;;;;;;;;;;;;;;;;;;;;;;;;;;;
161;TESTNO;0;TRUE;TRUE;TRUE;0;;'2016-07-12 12:57:35';0;;;-1;-1;-1;115;SOWJnhHwSRw=;;;;;;;;;;;;;;;;;;;;;;;;;;;;;;;;;;;;;;;;;;;;;;;;;;;;;;;;;;;;;;;;;;;;
168;TESTNO;0;TRUE;TRUE;TRUE;0;;'2016-07-12 14:59:50';0;;;-1;-1;-1;121;LcCJmDJvE7FGZ8tHA6mPPw==;;;;;;;;;;;;;;;;;;;;;;;;;;;;;;;;;;;;;;;;;;;;;;;;;;;;;;;;;;;;;;;;;;;;
174;TESTNO3;1;;;;1;LU3;'2016-08-11 15:15:52';0;'2016-08-11';;1;-1;-1;122;HJqPSgRHotI=;L0ucllPnE2M=;cnekn3Ban8E=;2;78;1;'2016-08-11 15:16:56';LU3;;1;'2016-08-11 15:23:43';LU3;;;;;;;;;;;;;;;;;;1;'2016-08-11 15:24:26';LU3;;;;;;1;'2016-08-11 15:20:11';LU3;;1;'2016-08-11 15:26:58';LU3;;;;;;-1;;;;;;;;;;;;;;;;;;;
